regime,repeat,dataset_source,n_samples,r2,rmse,mae,pearson,spearman
repeated_drug,1,CCLE,1675,-0.3919387470195565,0.2885591089169385,0.2211729252095955,0.553710417311481,0.5624858744405701
repeated_drug,1,CTRP,86845,0.2174617964996652,0.1740968002909124,0.1279892623335741,0.4916390367459972,0.3661313790911538
repeated_drug,1,GDSC,49209,-0.0749060756305142,0.2061528630346686,0.1440811602653063,0.1187431109288251,0.2639134156111788
repeated_drug,2,CCLE,1862,-0.1534177155660501,0.1531085309241125,0.1264693092578847,0.0184295496227317,-0.0638924280253921
repeated_drug,2,CTRP,86034,0.2392795375869666,0.1733124197874437,0.132635279607937,0.4964555676657669,0.3374343247980775
repeated_drug,2,GDSC,47788,0.0700835749106341,0.1648002953411225,0.1236302369881288,0.2849169637845374,0.2636148551831052
repeated_drug,3,CCLE,2362,-0.97036476509658,0.1894959448838744,0.1593918873187066,-0.2327940658125657,-0.2354595213108194
repeated_drug,3,CTRP,90608,0.2031992151436791,0.164159067959545,0.1257628771703887,0.4547466479334831,0.3523879843070598
repeated_drug,3,GDSC,48482,-0.0312147499795194,0.185738865226208,0.1347758457631217,0.2067673681923292,0.3124082408476611
repeated_drug,4,CCLE,2319,-0.7638989626074715,0.1702704422186163,0.146835172527336,-0.0688070692563865,-0.1070686419389245
repeated_drug,4,CTRP,87269,0.0765587028800185,0.1880252376611945,0.13682960306339,0.3294653480901429,0.3042620712666945
repeated_drug,4,GDSC,48540,-0.0827078516257626,0.2139026359901806,0.1583732544077398,0.1604969973590142,0.1844632425360419
repeated_drug,5,CCLE,2779,0.2539559424420754,0.1929423049704101,0.1588611311226518,0.5330575909021269,0.4253726975117166
repeated_drug,5,CTRP,92357,0.2791468696165242,0.178650810513595,0.1287094568417658,0.541980474148773,0.4658874822385107
repeated_drug,5,GDSC,45533,-0.1490537680567369,0.1987989965228304,0.1462748357458614,0.1089028605497545,0.1803479530682342
scaffold,1,CCLE,3209,-1.020995001959034,0.1621011295859717,0.1358795482661623,0.0728306289637972,0.0087616958113214
scaffold,1,CTRP,85800,0.2458528737387665,0.1644051273807012,0.1214858466941541,0.4978063475183563,0.4335592046901186
scaffold,1,GDSC,52312,0.0318983542196519,0.2043618625931727,0.1444384694586294,0.2465858652389828,0.1644636818095634
scaffold,2,CTRP,91894,0.1530113216978078,0.1976804759742039,0.1377619352583041,0.4286529169149584,0.3933312430515092
scaffold,2,GDSC,42664,-0.0311095900042979,0.1864571257411522,0.137401482671444,0.190568862711891,0.3212908334329198
scaffold,3,CCLE,953,0.6611474279508647,0.1402752328986566,0.1154978623808989,0.8838454937284739,0.8541846167745161
scaffold,3,CTRP,81797,0.1360941285473211,0.1737447861632935,0.130288813529137,0.3726708548793598,0.3541612230582364
scaffold,3,GDSC,53229,0.0185775339891391,0.1943674683264578,0.1415467226026039,0.2450615157012644,0.3094615911253329
scaffold,4,CCLE,2567,-0.1126427083890442,0.2602929929428834,0.1932356719563972,0.4447855693463762,0.4527957273729419
scaffold,4,CTRP,84704,0.1414076912237439,0.1809366018809861,0.1376144598163298,0.3947612487300267,0.2837878911096932
scaffold,4,GDSC,47437,0.1564571086363224,0.1746366130366015,0.1262909042490411,0.4234359668941056,0.3254773815648875
scaffold,5,CCLE,3156,-0.1397136559277758,0.2722745885879346,0.2236285286046214,-0.0610424758978016,-0.099883320530929
scaffold,5,CTRP,87237,0.1432037881650313,0.1849710417191312,0.1347211607716749,0.4047767774456468,0.4111265562270745
scaffold,5,GDSC,56145,0.0754184932636534,0.1844064899380039,0.1309210263520992,0.2906968537294424,0.2597272915543679
pathway,1,GDSC,45388,0.0127511718098878,0.1613990612554793,0.1253608369640505,0.219254416394181,0.0820072626045135
pathway,2,GDSC,30110,-0.0514075623827305,0.148284931788232,0.1150596620272736,0.0717667009748108,0.0734533201485285
pathway,3,GDSC,32471,0.0793775017718404,0.2128023077779093,0.1562774650349126,0.3186859556309531,0.3981612807324073
pathway,4,GDSC,102090,-0.04120314335745956,0.16119383489004063,0.12735419838850545,0.12119201167168725,0.07179268743204345
pathway,5,GDSC,39362,-0.007112484701001565,0.21622563823654664,0.15139959012446508,0.2872506177248322,0.31080179304078065
target,1,CCLE,3637,0.047581141309707586,0.21679979022184465,0.17352393571866223,0.3122120375715062,0.15776994465673336
target,1,CTRP,78481,0.14667450046522634,0.18063075959182878,0.1330887632097798,0.40063078984722167,0.3091066030075648
target,1,GDSC,47285,0.04499151307646432,0.1828528781388773,0.13312395723352013,0.26624212576652306,0.19447669827019706
target,2,CCLE,1429,0.24151553579567075,0.26630522136585794,0.21609752406063923,0.7090590747508924,0.6083048935069896
target,2,CTRP,103092,0.0796337621393205,0.1844085439190789,0.13337315404844313,0.30946174410532845,0.24344546880218393
target,2,GDSC,48556,0.03253026414160376,0.18543361673073513,0.1348963721346827,0.2780709321722303,0.2897683878344144
target,3,CCLE,1281,-0.07975541375085293,0.25636725766644847,0.20497167786534187,0.02087752983988591,-0.024442024559094826
target,3,CTRP,90038,0.1291615416369727,0.1980893168320513,0.14176852921011293,0.4324210065649333,0.3606428675399395
target,3,GDSC,50516,-0.0014223062536471431,0.1935050009621224,0.13861119959606674,0.19752129984075464,0.1569168348301767
target,4,CCLE,3112,-0.39739335883481686,0.31317356705126925,0.2500149543908504,0.35940182002404036,0.2417050836022153
target,4,CTRP,78773,0.12705897464118954,0.20079421571501987,0.14190400262202466,0.4314631870801546,0.37863804273028406
target,4,GDSC,55404,-0.03317251594301007,0.20984901402992387,0.14998403493735843,0.19712723736007026,0.25965656384335783
target,5,CCLE,2203,-1.441478510112462,0.352887096417788,0.2888036100963361,0.04320757925429274,0.15953497667369726
target,5,CTRP,105164,0.153281164332294,0.1785327831063158,0.13156341563975324,0.45481743026055227,0.3408062379099948
target,5,GDSC,43777,-0.1101523388926775,0.22055274134030076,0.15800747513916857,0.11924039634527477,0.15723163170282767
