DRUG_NAME,n_samples,r2,rmse,mae,pearson,spearman
MG-132,624,0.3936058126214669,0.11399665174906634,0.08655462084496769,0.6648186007972997,0.7046952160740299
MGCD-265,941,0.3114566645893827,0.09502260388790539,0.06540108650223299,0.651805341717051,0.5023542130243087
PF-184,919,0.29556116033040447,0.07793731775103373,0.05937716988506174,0.5792548897269562,0.5746447748719551
TPCA-1,1629,0.28036156734495954,0.12410222626565957,0.09823070781926171,0.6899175897860294,0.7216654363768269
JQ-1:UNC0638 (2:1 mol/mol),854,0.2610820336386085,0.13300191415437693,0.10454993622474118,0.5900320609124613,0.5669548446500975
ML311,962,0.2568528406301551,0.09836551826127672,0.07659385312215479,0.6340834320963155,0.6371168360353676
BRD-A94377914,485,0.23323991150908863,0.08957781139651362,0.07098639012275784,0.6733850532178073,0.6392064639891725
navitoclax:piperlongumine (1:1 mol/mol),883,0.21284960050684654,0.1485030160318823,0.11559881066078156,0.5013093548336985,0.45909127367758007
selumetinib:decitabine (4:1 mol/mol),878,0.20082419811027208,0.19038666056534168,0.1531851086235802,0.6990814907321449,0.6780049322051863
BRD1812,922,0.20011519819513346,0.0739895895558578,0.055294667306473415,0.46172544834521184,0.4818002806219665
PD0325901,676,0.19689099311257008,0.1553918045498943,0.11954946929884802,0.5943855154742761,0.5716505075826709
chlorambucil,918,0.19200174194046637,0.1095796271585643,0.08972480991595302,0.6778594001993947,0.5748842534493319
BMS-345541,1601,0.18287457407077679,0.12026448933882201,0.10641825047208493,0.7397125610373663,0.7728277115113502
AZD6738,678,0.17803160682156094,0.11305636717850964,0.09228589248952612,0.4999256520231458,0.503202543638239
Bleomycin (50 uM),678,0.16300429572548325,0.22993040511638937,0.17948235199981172,0.6934172639830829,0.718846918342862
B02,908,0.15764857424563983,0.08146732103445932,0.060569747668617877,0.44918186744087907,0.4748882724065914
PIK-93,1601,0.14965210177073018,0.14325973251687774,0.11333087161200703,0.6837328193030068,0.709776627435481
selumetinib:UNC0638 (4:1 mol/mol),934,0.14212219462784326,0.16221947677471005,0.12827850709639732,0.5966390188401702,0.5604672234177877
Selumetinib,1307,0.1373361247592757,0.14158386187192928,0.11475166762794022,0.5590053436393995,0.5268061795051755
AT-7519,666,0.13622736601672103,0.2047682196287822,0.17618745371366049,0.5518057043144,0.4348939822893671
GSK525762A,957,0.1262661350064711,0.12754008766553646,0.09542500897460385,0.6415521425179987,0.5443319201958565
Sunitinib,255,0.12428460052665147,0.14434165300985016,0.08878672142277136,0.6863078387000577,0.46218807897174613
Ki8751,914,0.12346794702603903,0.13695789046813703,0.10808888688107127,0.5568766963780317,0.35514007409432513
PFI-1,674,0.11187594842658266,0.07612112277218117,0.06044748029248721,0.3493440519835741,0.308696080862746
FQI-1,496,0.11102218555658039,0.09661247425612574,0.07560754946604988,0.5544707238987749,0.5693220868448051
pyrazolanthrone,957,0.10554275231302923,0.06502587314194422,0.04971715344986807,0.3722044938450757,0.40963434020347533
CRT0105950,683,0.09695586467591966,0.08593467119696828,0.06463246864436696,0.33891310169286654,0.2409741831473831
phloretin,925,0.08973088238500637,0.06700880630426441,0.04992780834708492,0.5457565093698012,0.43805951877333965
BIX-01294,925,0.0861472194933326,0.07704573177088497,0.05747880002168932,0.5260158633854896,0.5179020772186869
NSC19630,682,0.08415860475404535,0.09455410236699587,0.0751310604569563,0.48421968720579117,0.4432404613204052
Masitinib,679,0.07994355911373208,0.10753491361016308,0.057857854286615204,0.5210170697076972,0.3826407107115517
nintedanib,898,0.07906263741986586,0.12413119467207508,0.09932188066312451,0.43175210623801297,0.3304306944747066
ZD-6474,469,0.07698009923051707,0.10567897429020484,0.08143564217133688,0.4244840447581238,0.3673394513875096
XMD13-2,680,0.07592267712206413,0.07489718813269776,0.06047329599473055,0.544949204839432,0.47265763740058037
Pazopanib,652,0.05518836196954413,0.09750721062220476,0.06646025592218878,0.25692175891445945,0.06519506299507287
CIL70,492,0.053624986389741,0.08430613019240338,0.061990979413888064,0.35531783787757387,0.3562047402414826
GSK269962A,922,0.05203220776705886,0.11550903175127518,0.07942839624613018,0.23157034723541386,0.1301302758979424
Fedratinib,680,0.03854371138337853,0.14188023897617832,0.09661824166017421,0.6661611385453995,0.4465697882768167
sotrastaurin,673,0.03809799332028996,0.08508811439311785,0.07208146519169484,0.629067717139032,0.5630206993511975
AM-580,906,0.029410547882198435,0.13424711478122994,0.10063642964464496,0.3572020651550153,0.313884248504931
GSK650394,648,0.028022559334506814,0.12358566258105301,0.0941967915865227,0.239239788061007,0.18081762802262852
5-Fluorouracil,676,0.012270038035071651,0.1617401293086873,0.11398022205418241,0.532517439646288,0.4488286781707983
serdemetan,864,0.003115609980240852,0.10610558368346745,0.07123964291386653,0.6036722159731314,0.5186817630154863
ZSTK474,1606,-0.001300288115334558,0.17550311218884942,0.13752843914778284,0.5234914146042979,0.5300164193956864
Palbociclib,648,-0.012209042017049088,0.1214758492648169,0.10246834593317242,0.31720923986959043,0.16280766254569726
Amuvatinib,675,-0.022527915835085954,0.1455641551542976,0.08045689611846359,0.20695503518248692,0.240880140934923
RAF_9304,677,-0.02765054238385689,0.14007314946622432,0.08706662854148718,0.44445213333878275,0.3478085862475206
Z-LLNle-CHO,256,-0.02813714183085758,0.09592933296448286,0.08022560943530499,0.2773432407900479,0.26217240787365526
Pevonedistat,521,-0.02860824776799853,0.12605254917099076,0.0957499011174603,0.15896090934583781,0.20813651567837813
Rapamycin,231,-0.0345907507559009,0.22019516080502452,0.13972278425431353,0.08567487582547438,0.12360345801125412
tretinoin:carboplatin (2:1 mol/mol),917,-0.035071911838397085,0.1317217975525027,0.10742096240216596,0.49212440688716896,0.40382000040836036
Pyrimethamine,253,-0.040127356564735095,0.10670962707095716,0.08461406052541921,0.14494523686478836,0.2074239237881826
NSC-207895,676,-0.06088951635568551,0.09304385527480499,0.07647550025525178,0.2836729954155713,0.2917230713239283
BMS-195614,924,-0.06867060557693772,0.06658329000980596,0.044019607567545346,0.07345210798129297,0.12780468280828824
ML006,925,-0.07380876969980665,0.0837487511448185,0.06820162486937136,0.2836262124871719,0.26798500628118055
erlotinib:PLX-4032 (2:1 mol/mol),863,-0.0850101784909747,0.1313826869475528,0.09302723343478853,0.07738949625536737,0.15791462411793736
BI-2536,1213,-0.10986328959774583,0.3070484672778344,0.2689633465386584,0.5223376119008445,0.5680227949367628
MIM1,667,-0.11724176709635836,0.09524647115933647,0.07351508307155855,0.4112814332625889,0.40933429546757616
AZD8186,676,-0.12615166240120712,0.10234100820586096,0.08051718258107202,0.05415956423985615,-0.00800754016902334
GW-843682X,872,-0.13372822644530324,0.16434716644857905,0.13425715759412254,0.6143010169235745,0.6125497192539343
NVP-231,936,-0.14426701444141754,0.1149833092289958,0.0900509887016669,0.6135252585668582,0.6277510085244965
compound 1B,886,-0.14973015887205166,0.14233398855887075,0.10113641499448489,-0.03609313243732137,0.018342798507429224
PF-750,834,-0.15842517162774694,0.09591843190238043,0.07021785729215566,0.24782743996826673,0.3108308856210111
selumetinib:JQ-1 (4:1 mol/mol),923,-0.15880990294582675,0.20312594012835253,0.1612026779512054,0.599419289037824,0.629603308632046
bafilomycin A1,89,-0.17961897638600255,0.13642158949091898,0.11030589114703615,0.20255350441714415,0.22002136543170603
AZD1480,1119,-0.19171705590442256,0.12715220071305228,0.10810298818912951,0.572823979252087,0.5728906492356155
methylstat,671,-0.2086838149359458,0.10257085910519859,0.08152007194451442,0.5199474371257463,0.5341197554063734
neuronal differentiation inducer III,946,-0.2107432657129913,0.11328579551488575,0.09000992681804196,0.5092661447197795,0.5314519816756575
Dyrk1b_0191,676,-0.2506586727665989,0.09709440499310985,0.07960818925614895,-0.006812981986315289,-0.11524362519022216
GDC-0879,920,-0.2580592567254887,0.12197696698785616,0.09516677340328969,0.08684824524988116,0.18324048690901953
ISOX:bortezomib (250:1 mol/mol),896,-0.26826396283437126,0.08593284881256523,0.0681128101740105,0.5081395686681952,0.5261259443556499
AZ-3146,907,-0.2847137051868198,0.11934766184013094,0.09732233003091652,0.48846219073596897,0.48434713460701395
OSI-027,1624,-0.30856650357063664,0.21901287674999478,0.1517316116059482,0.17722908967339596,0.2560065740993751
serdemetan:SCH-529074 (1:1 mol/mol),922,-0.3587812497302918,0.0961752554761514,0.08123282982849098,0.47479105946158967,0.4886953483667304
neratinib,951,-0.3834882464899969,0.18636968698406503,0.1390894918625823,0.4885727893516232,0.55016559217587
CCT036477,934,-0.38366603069933713,0.08184353189296864,0.06813121445509768,0.5269013559855441,0.4944461721557318
HG6-64-1,657,-0.39731452884824914,0.20751875302825665,0.15639214182300074,0.39202123187485344,0.23834017888963513
YL54,864,-0.3988950618615412,0.07226790554456304,0.05611857914475956,0.1757523879699569,0.19683253623767483
myriocin,227,-0.40364382001030186,0.12525365717814532,0.09687744922941358,-0.0069977992919797675,0.021774979454649308
BRD-K48334597,249,-0.4098073176169985,0.07455497210625117,0.05561868668188908,0.316056815636904,0.3664518320538263
HC-067047,904,-0.4195223539159676,0.07813405809340455,0.06253009595962432,0.2700787704386266,0.27543933838116147
PF-00299804,677,-0.4302059552180444,0.17968577778142153,0.12607100787892192,0.38842645556646255,0.4112043165464287
Dactolisib,678,-0.4403251842531015,0.19051287947789128,0.14007095861274585,0.07420240956240799,0.0923415700952899
RAF265,1168,-0.4419731051972313,0.1787496995451931,0.14138368356045708,0.37720961198677594,0.31632610459110894
oligomycin A,945,-0.450163087275921,0.32507311181633325,0.26574029257278964,0.3904020967370826,0.4391200987436033
I-BET-151,661,-0.4873492090645246,0.18297405773687936,0.13599308711666275,0.39794394351573714,0.34269419365652604
GSK-3 inhibitor IX,914,-0.5067880880356894,0.13967079755750617,0.11493984044977576,0.4982520161330014,0.43094310098670674
GSK429286A,678,-0.5173225248804076,0.0903156310564579,0.07814210961642307,0.41095230975182084,0.3211123325612386
ARRY-520,669,-0.523959670025897,0.3132541173647426,0.2449238446784483,0.5135577783841866,0.5164420023794389
TAK-715,679,-0.5240523130341648,0.07483059937054763,0.06640622634550046,0.48972317641757934,0.4026920349640325
tipifarnib-P2,507,-0.5562782951151541,0.2016515799077045,0.15180685698862448,0.6447482831622904,0.6099552343590624
CHM-1,945,-0.5820863017197628,0.143380211367738,0.1222110742427168,0.6101629735596925,0.6506261683905173
CCT245467,680,-0.6040216314625375,0.07851335155576952,0.0660954332892474,0.12303349835599882,0.11768972857455283
QW-BI-011,248,-0.6269779406266793,0.08235180107201051,0.07086451271157782,0.5098378859577805,0.3679016249998167
QL-XII-61,319,-0.6967750456401995,0.08332486358020534,0.0764050715035585,0.4445394305765282,0.25198142781096583
VER-155008,949,-0.7135514677861077,0.10418277297542958,0.0833757005703712,0.3643656273706949,0.35277954620470614
vorapaxar,923,-0.7385546027683008,0.09404812595661621,0.07751353157118414,0.296878506112556,0.3241111027808508
CCT245232,681,-0.7546407189137416,0.1620525476606862,0.1285383883788043,0.15666432668667074,0.15300727532452443
Tipifarnib,656,-0.7953001919110703,0.2563131888311562,0.19605445710263603,0.24139492531744167,0.21140880884914676
YK-4-279,583,-0.8119478799685587,0.1627987716999287,0.13371743180722848,0.22651647264120198,0.29121852186764136
BRD-K90370028,454,-0.814520451100345,0.06829964056546846,0.05689058434930314,0.21325571002899552,0.17468067437853468
CD-437,926,-0.8337895872848202,0.17155893585320833,0.1420464697264826,0.619535736587202,0.6493744994612338
GSK2636771,698,-0.8727831422139605,0.11365905759616328,0.09360181325629946,0.047148830655590175,0.021617997575726224
Compound 1541A,874,-0.8965774511400431,0.09305868264104837,0.07618325786055205,0.2207492998252449,0.16488831673687337
BRD-K13999467,920,-0.8994319941168116,0.08157447551154695,0.06885283506781673,0.33886185014582887,0.323837823296575
BRD-K49290616,245,-0.9341271213863529,0.07156998577644298,0.05424455251114551,0.02831209628560418,0.07603553093293453
JW-74,633,-0.9849769785072671,0.105448596914344,0.08944835983845605,0.20385287160008822,0.18848215638118612
carboplatin,946,-1.0432611698988028,0.09065907675687535,0.07306605374329372,0.3069364056878115,0.2817063436771785
FQI-2,961,-1.0840525743596827,0.19259770510826518,0.1637990665130111,0.6094167046674387,0.6654601780661221
bendamustine,837,-1.1069726184735362,0.12331076766457628,0.10674882073175064,0.4279720073818937,0.3872221122208101
BRD-K44224150,241,-1.1187753636643962,0.11118750714741034,0.09308003620595287,0.047192311341992844,0.11333373484136901
ciclosporin,902,-1.1462311040245963,0.1591873595131347,0.14102920480528466,0.2564352714261209,0.2767500180289054
entinostat,931,-1.2314444540264757,0.19944844596148342,0.16618885946899795,0.6167173596962606,0.606727944642688
belinostat,468,-1.2852803382424196,0.19880196122833263,0.1741331223477098,0.7181202716024244,0.655155232674871
VAF-347,616,-1.312528844825228,0.11447351830946843,0.09054925328913822,-0.28576802892090847,-0.2730453525680736
CAY10603,673,-1.3514243592521615,0.309132898093248,0.26220280344233293,0.5207927586774979,0.4722548621919657
doxorubicin:navitoclax (2:1 mol/mol),936,-1.370310170416321,0.23938880271282426,0.20997288017947952,0.5817986537560148,0.5990728494401644
veliparib,962,-1.3798759002520553,0.10218361764093804,0.08432834613805094,0.11854643550807024,0.1992617605846874
vincristine,974,-1.3813802101212804,0.37619483102248547,0.32651912208026906,0.6084411758948028,0.7239745679158099
triptolide,943,-1.448939456750447,0.16425822659146838,0.14035959535819192,0.4466450056553221,0.516735946492269
dexamethasone,912,-1.4839092279034407,0.2709022222432965,0.24902334777257035,0.44891761585963613,0.21888380985990585
BRD-K14844214,876,-1.4904759008353512,0.1523327538757988,0.13484538042682054,0.2324493763899133,0.18002092203656098
quizartinib,924,-1.5515986490127425,0.17474515652483524,0.1559249306373601,0.4263688881233193,0.20552890387441844
BRD-K96431673,250,-1.6085875571738026,0.09228428754943514,0.0748376794816685,0.035548068240615516,0.09482893711985696
ML320,901,-1.6125609811809065,0.1745811132379661,0.15050876001854782,0.3804075297079478,0.2758667985081419
doxorubicin,964,-1.6210062997434793,0.27684579078100247,0.24558423737519208,0.6678559187064532,0.692975230775156
BAY-HDAC11_1,619,-1.6698311082904298,0.24857008843404807,0.21275467652592944,0.32126755984872707,0.3966035355004663
BRD-K27224038,251,-1.6841754272429719,0.10314583047832387,0.08852551396388379,0.26451520607070056,0.3242020764625467
MK-0752,924,-1.7383326600763156,0.10248813801993631,0.08255444318087057,-0.11195246109006261,-0.01967191885112905
RU-SKI 43,675,-1.7392370880540033,0.08078404027815426,0.07426320988895557,0.3836703103711263,0.28850452581283975
AZD5438,675,-1.767922227997619,0.19292232705356704,0.16123373429694282,0.14247211947044408,0.21059868489219546
methotrexate,908,-1.8059944190414168,0.4235363101759339,0.36808105097952787,0.34089399899119016,0.35332039490304323
KX2-391,922,-1.9524134129445763,0.3916118576556708,0.3402607222625319,0.6200446288261526,0.6771336953913638
T0901317,676,-1.9888669000771877,0.10299161142399976,0.09409709264517678,0.3380274143286482,0.359933474922405
C6-ceramide,954,-2.054399322762109,0.13291063094534772,0.11456779422134433,-0.04772745865314415,-0.018111486741918138
MST-312,939,-2.1366005665614636,0.12968855738793306,0.11573540906682976,0.4475677611892329,0.5870016477703973
procarbazine,872,-2.196106629159728,0.15171016749858152,0.12757943804494484,-0.09290607993208944,-0.0537617662107944
bexarotene,920,-2.1985789523349335,0.1755369046497211,0.1585986948409972,0.3462776998284682,0.2851554211045817
PF-3758309,471,-2.25837515329088,0.3654510134404552,0.3221532458994315,0.6696539136456985,0.7133593020620983
BAY-HDAC11_4,619,-2.2611388085697897,0.08914028849801311,0.07930086795173978,0.05582461311598863,0.11561685719540041
avicin D,447,-2.35551597128069,0.21995645685157827,0.1953711622815331,0.20929560981936468,0.15044868152566768
Doxorubicin,1333,-2.408665628222325,0.4043917232161714,0.35042006286690064,0.2534097523226255,0.2708564004871138
CP724714,680,-2.409755753067471,0.10569345141249424,0.09668864679853216,-0.03910499772316814,0.009123405076416617
etomoxir,937,-2.41924232486332,0.09097895106536523,0.0783426029933218,0.11399974445551243,0.16502359253343507
NSC30930,943,-2.503485271726629,0.11378562550125566,0.09746796662387978,-0.0862897678984645,-0.05362954643173169
BEC,248,-2.508909043162561,0.10975178204730819,0.08878170063846204,-0.023473211431819865,-0.02125551389554045
Irinotecan,300,-2.6733641743089778,0.3401590835803889,0.3000926910396888,0.6286838025463634,0.5863575342742918
SR1001,923,-3.1098312475039,0.11429615886181628,0.10077870211190178,0.10285941065261014,0.1727314659477142
Thapsigargin,641,-3.3040525463280845,0.5204129945244692,0.4656646659060938,0.17694158675123564,0.22448218139005938
CGP-082996,256,-3.311532445856912,0.11388523542344858,0.1027622308512181,0.13297861300101427,0.07907916571297778
AT13387,459,-3.32176260882955,0.4237738401490127,0.3881343873839782,0.5467434074913705,0.6300530676557968
GNF-2,255,-3.431552931715225,0.12004466055304351,0.11422521884625006,0.19193940161059267,-0.23698045861093875
DBeQ,931,-3.625242397158793,0.16718003358507624,0.15822303007682656,0.31364448537112855,0.3602814084381771
XMD14-99,680,-3.7440954381261076,0.0885393927757697,0.08440727087037704,0.48512924381031347,0.3140946384384855
GW-2580,680,-3.749156697024076,0.0730281446165082,0.06643682958659565,0.05821034977756311,-0.09996672659517866
Panobinostat,1143,-4.183286860377342,0.39245064826982723,0.366672126643221,0.6881464935808165,0.7030067068835334
BRD-A86708339,453,-4.2332514338757115,0.3373673849351868,0.3100339209362207,0.5683299564092398,0.5490233375186362
BAM7,674,-4.811619051553539,0.0942204676315476,0.08563071921192927,-0.0981384839905131,-0.0976548023666647
NU7441,681,-4.821500393890424,0.08696151935503613,0.08016014698912498,0.15217901503760375,0.0694606229357819
Wee1 Inhibitor,629,-4.931386403974369,0.13701400894303997,0.12824246990027374,0.1621378935375116,0.194598579811629
ouabain,963,-4.972959392321014,0.4535834252784974,0.42984495106377013,0.34767218206831935,0.4879447760978997
ML334 diastereomer,673,-5.358461986075616,0.16105277430439566,0.1443545073218385,-0.2141183498546255,-0.1166946313414807
BRD-K42260513,445,-5.381571298118665,0.20699297131462555,0.19412498023144403,-0.021430058697595962,-0.07663787923667036
N23918-95-7,673,-6.416431890978377,0.07532512383117648,0.06809181200310875,-0.10499077932230595,-0.14501908660760912
Sepantronium bromide,651,-6.5163103104882785,0.707274664835753,0.6650888754527009,0.17675319351624036,0.3220560520026184
UNC0321,951,-6.623545676470974,0.1511807033413853,0.1383527739433321,-0.051236998104361005,0.010840223679148315
BAY ACCi,618,-6.655093054913098,0.09749042371661075,0.09236391781462511,0.09138773241214387,0.030135262362147534
STF-62247,677,-6.694073152673038,0.09619159043327796,0.09240196643497461,0.3589739208992874,0.17966192902677827
SCH-79797,953,-6.769682948808117,0.3064935620540606,0.28981822117455147,0.36754478231479526,0.4524533919932282
FTI-277,660,-8.961897346434956,0.09907256531973536,0.09378597590810603,-0.1078700022085986,-0.16111643554551724
sitagliptin,237,-9.454339755233184,0.2052148845412456,0.18987462480993675,-0.1135647849260588,-0.06406047840156649
Avagacestat,1363,-10.586703659336997,0.10237849004609731,0.0974771771175919,-0.07420894083275309,-0.13345266074347184
pandacostat,905,-10.597596623179744,0.1991283862433693,0.1899971573462845,0.2630927577437302,0.2536663691164202
RO-3306,687,-13.450003554283002,0.1636536327630967,0.15705694713659718,-0.1013826986691794,-0.10953431662297211
IOX2,673,-17.220198030638553,0.1034025877777536,0.09931715646922323,-0.1403431075631303,-0.23313947467101237
KIN001-042,682,-17.792802378157045,0.10132224696455346,0.09723056420953254,-0.09311358570354535,-0.16055453010123902
BCL-LZH-4,460,-31.484394794153033,0.2788890551953192,0.271258448961476,-0.15734894488724818,-0.15865379236562804
CCT007093,681,-34.37226651565566,0.1501415756834007,0.1465567050735765,-0.068231560780274,-0.15514765742533992
ZL049,674,-41.12702652075595,0.40252866156255196,0.39759383959597583,0.3196917679331434,0.3517671144895011
FY069,670,-48.77325677622675,0.4325962378100009,0.42887134408569616,0.3301180400217846,0.398262395340321
Voxtalisib,682,-56.84405734299207,0.35712155041509636,0.35149551736987716,0.19715615054167288,0.20345811091006272
